"k","SharpeRatio","less_than_k","turnover","selection_instability","weight_instability_l1","weight_instability_l2"
3,0.182126841902819,0,0.977304876390875,0,0.00333772871373739,0.00237433305485676
23,0.198895405874599,0,0.622565775198096,0.0833333333333334,0.048193771441363,0.0137214516155526
43,0.201422371455007,0,0.883104924971168,0.0454545454545454,0.121919933497905,0.0245902047234852
63,0.202302634271474,0,3.03411374091422,0.03125,0.262404074271602,0.0436181803393028
83,0.187754321809844,0,18.6432420580965,0.0238095238095238,1.34597390597247,0.214562066213378
