"T_in","n_pca","sharpe_oos"
360,3,3.12223332919493
360,5,3.3046723298142
