"T_in","n_pca","sharpe_oos"
240,3,3.9146278720892
240,5,3.88137188718581
