"k","SharpeRatio","less_than_k"
3,0.182126841902819,0
23,0.198895405874599,0
43,0.201422371455007,0
63,0.202302634271474,0
83,0.187754321809844,0
